framework,suite,test,time_ms
"alien-signals","kairo","avoidablePropagation","70.422"
"alien-signals","kairo","broadPropagation","141.945"
"alien-signals","kairo","deepPropagation","52.3481"
"alien-signals","kairo","diamond","89.3086"
"alien-signals","kairo","mux","171.7729"
"alien-signals","kairo","repeatedObservers","10.6392"
"alien-signals","kairo","triangle","33.0878"
"alien-signals","kairo","unstable","31.3501"
"alien-signals","mol","molBench","341.8916"
"alien-signals","s","createDataSignals","4.2278"
"alien-signals","s","createComputations0to1","2.6599"
"alien-signals","s","createComputations1to1","7.8503"
"alien-signals","s","createComputations2to1","6.7414"
"alien-signals","s","createComputations4to1","6.1099"
"alien-signals","s","createComputations1000to1","5.1967"
"alien-signals","s","createComputations1to2","6.0122"
"alien-signals","s","createComputations1to4","5.1939"
"alien-signals","s","createComputations1to8","4.7643"
"alien-signals","s","createComputations1to1000","4.7067"
"alien-signals","s","updateComputations1to1","16.3793"
"alien-signals","s","updateComputations2to1","10.1156"
"alien-signals","s","updateComputations4to1","6.6222"
"alien-signals","s","updateComputations1000to1","3.4692"
"alien-signals","s","updateComputations1to2","11.3457"
"alien-signals","s","updateComputations1to4","9.8885"
"alien-signals","s","updateComputations1to1000","10.2523"
"alien-signals","dynamic","10x5 - 2 sources - read 20% (simple component)","133.7995"
"alien-signals","dynamic","10x10 - 6 sources - dynamic - read 20% (dynamic component)","121.1008"
"alien-signals","dynamic","1000x12 - 4 sources - dynamic (large web app)","202.3874"
"alien-signals","dynamic","1000x5 - 25 sources (wide dense)","399.7394"
"alien-signals","dynamic","5x500 - 3 sources (deep)","94.8592"
"alien-signals","cellx","cellx10","0.0232"
"alien-signals","cellx","cellx20","0.0243"
"alien-signals","cellx","cellx30","0.0214"
"@angular/signals","kairo","avoidablePropagation","165.9727"
"@angular/signals","kairo","broadPropagation","480.9847"
"@angular/signals","kairo","deepPropagation","144.8248"
"@angular/signals","kairo","diamond","260.573"
"@angular/signals","kairo","mux","440.8038"
"@angular/signals","kairo","repeatedObservers","35.8071"
"@angular/signals","kairo","triangle","101.5474"
"@angular/signals","kairo","unstable","83.6945"
"@angular/signals","mol","molBench","346.7954"
"@angular/signals","s","createDataSignals","15.4564"
"@angular/signals","s","createComputations0to1","5.8645"
"@angular/signals","s","createComputations1to1","32.5907"
"@angular/signals","s","createComputations2to1","32.2759"
"@angular/signals","s","createComputations4to1","30.7274"
"@angular/signals","s","createComputations1000to1","23.6705"
"@angular/signals","s","createComputations1to2","21.7047"
"@angular/signals","s","createComputations1to4","12.4948"
"@angular/signals","s","createComputations1to8","10.0367"
"@angular/signals","s","createComputations1to1000","8.4169"
"@angular/signals","s","updateComputations1to1","19.3881"
"@angular/signals","s","updateComputations2to1","13.8414"
"@angular/signals","s","updateComputations4to1","8.538"
"@angular/signals","s","updateComputations1000to1","3.9803"
"@angular/signals","s","updateComputations1to2","20.3715"
"@angular/signals","s","updateComputations1to4","18.8977"
"@angular/signals","s","updateComputations1to1000","20.2694"
"@angular/signals","dynamic","10x5 - 2 sources - read 20% (simple component)","430.9453"
"@angular/signals","dynamic","10x10 - 6 sources - dynamic - read 20% (dynamic component)","317.509"
"@angular/signals","dynamic","1000x12 - 4 sources - dynamic (large web app)","553.7043"
"@angular/signals","dynamic","1000x5 - 25 sources (wide dense)","957.6835"
"@angular/signals","dynamic","5x500 - 3 sources (deep)","244.0483"
"@angular/signals","cellx","cellx10","0.0388"
"@angular/signals","cellx","cellx20","0.0589"
"@angular/signals","cellx","cellx30","0.061"
"MobX","kairo","avoidablePropagation","303.3288"
"MobX","kairo","broadPropagation","806.8644"
"MobX","kairo","deepPropagation","281.0331"
"MobX","kairo","diamond","373.4238"
"MobX","kairo","mux","419.4389"
"MobX","kairo","repeatedObservers","27.6962"
"MobX","kairo","triangle","129.301"
"MobX","kairo","unstable","64.7727"
"MobX","mol","molBench","350.763"
"MobX","s","createDataSignals","6.0038"
"MobX","s","createComputations0to1","23.3095"
"MobX","s","createComputations1to1","51.7229"
"MobX","s","createComputations2to1","35.6618"
"MobX","s","createComputations4to1","17.5195"
"MobX","s","createComputations1000to1","7.6249"
"MobX","s","createComputations1to2","45.5747"
"MobX","s","createComputations1to4","40.9363"
"MobX","s","createComputations1to8","37.2882"
"MobX","s","createComputations1to1000","36.5243"
"MobX","s","updateComputations1to1","36.8887"
"MobX","s","updateComputations2to1","22.2415"
"MobX","s","updateComputations4to1","13.3875"
"MobX","s","updateComputations1000to1","5.4756"
"MobX","s","updateComputations1to2","33.9011"
"MobX","s","updateComputations1to4","30.9189"
"MobX","s","updateComputations1to1000","28.5671"
"MobX","dynamic","10x5 - 2 sources - read 20% (simple component)","506.4379"
"MobX","dynamic","10x10 - 6 sources - dynamic - read 20% (dynamic component)","335.4716"
"MobX","dynamic","1000x12 - 4 sources - dynamic (large web app)","463.9015"
"MobX","dynamic","1000x5 - 25 sources (wide dense)","628.3738"
"MobX","dynamic","5x500 - 3 sources (deep)","250.8701"
"MobX","cellx","cellx10","0.104"
"MobX","cellx","cellx20","0.0881"
"MobX","cellx","cellx30","0.0801"
"$mol_wire","kairo","avoidablePropagation","212.1114"
"$mol_wire","kairo","broadPropagation","662.8369"
"$mol_wire","kairo","deepPropagation","209.6323"
"$mol_wire","kairo","diamond","285.1683"
"$mol_wire","kairo","mux","470.1334"
"$mol_wire","kairo","repeatedObservers","66.2408"
"$mol_wire","kairo","triangle","101.018"
"$mol_wire","kairo","unstable","163.9951"
"$mol_wire","mol","molBench","257.4116"
"$mol_wire","s","createDataSignals","14.2272"
"$mol_wire","s","createComputations0to1","9.4025"
"$mol_wire","s","createComputations1to1","48.2071"
"$mol_wire","s","createComputations2to1","43.3957"
"$mol_wire","s","createComputations4to1","19.8719"
"$mol_wire","s","createComputations1000to1","16.6845"
"$mol_wire","s","createComputations1to2","38.3951"
"$mol_wire","s","createComputations1to4","16.987"
"$mol_wire","s","createComputations1to8","14.8742"
"$mol_wire","s","createComputations1to1000","13.105"
"$mol_wire","s","updateComputations1to1","46.3808"
"$mol_wire","s","updateComputations2to1","27.1593"
"$mol_wire","s","updateComputations4to1","17.4429"
"$mol_wire","s","updateComputations1000to1","7.5861"
"$mol_wire","s","updateComputations1to2","39.8019"
"$mol_wire","s","updateComputations1to4","38.6168"
"$mol_wire","s","updateComputations1to1000","42.4738"
"$mol_wire","dynamic","10x5 - 2 sources - read 20% (simple component)","404.5422"
"$mol_wire","dynamic","10x10 - 6 sources - dynamic - read 20% (dynamic component)","230.0565"
"$mol_wire","dynamic","1000x12 - 4 sources - dynamic (large web app)","385.961"
"$mol_wire","dynamic","1000x5 - 25 sources (wide dense)","522.1969"
"$mol_wire","dynamic","5x500 - 3 sources (deep)","180.5915"
"$mol_wire","cellx","cellx10","0.052"
"$mol_wire","cellx","cellx20","0.0471"
"$mol_wire","cellx","cellx30","0.0656"
"Oby","kairo","avoidablePropagation","155.2885"
"Oby","kairo","broadPropagation","329.0249"
"Oby","kairo","deepPropagation","147.2056"
"Oby","kairo","diamond","192.7884"
"Oby","kairo","mux","304.7292"
"Oby","kairo","repeatedObservers","25.8555"
"Oby","kairo","triangle","86.976"
"Oby","kairo","unstable","43.3202"
"Oby","mol","molBench","405.5598"
"Oby","s","createDataSignals","8.3398"
"Oby","s","createComputations0to1","24.4063"
"Oby","s","createComputations1to1","54.7236"
"Oby","s","createComputations2to1","41.7119"
"Oby","s","createComputations4to1","14.7321"
"Oby","s","createComputations1000to1","8.3678"
"Oby","s","createComputations1to2","39.0069"
"Oby","s","createComputations1to4","34.693"
"Oby","s","createComputations1to8","31.8995"
"Oby","s","createComputations1to1000","31.8641"
"Oby","s","updateComputations1to1","26.4849"
"Oby","s","updateComputations2to1","16.1797"
"Oby","s","updateComputations4to1","10.0253"
"Oby","s","updateComputations1000to1","7.3138"
"Oby","s","updateComputations1to2","25.9541"
"Oby","s","updateComputations1to4","25.395"
"Oby","s","updateComputations1to1000","24.3462"
"Oby","dynamic","10x5 - 2 sources - read 20% (simple component)","312.3928"
"Oby","dynamic","10x10 - 6 sources - dynamic - read 20% (dynamic component)","233.4898"
"Oby","dynamic","1000x12 - 4 sources - dynamic (large web app)","408.7689"
"Oby","dynamic","1000x5 - 25 sources (wide dense)","508.1892"
"Oby","dynamic","5x500 - 3 sources (deep)","189.7269"
"Oby","cellx","cellx10","0.068"
"Oby","cellx","cellx20","0.0571"
"Oby","cellx","cellx30","0.0483"
"Pota","kairo","avoidablePropagation","268.8754"
"Pota","kairo","broadPropagation","425.9998"
"Pota","kairo","deepPropagation","168.4843"
"Pota","kairo","diamond","256.9865"
"Pota","kairo","mux","293.4114"
"Pota","kairo","repeatedObservers","55.0129"
"Pota","kairo","triangle","84.9864"
"Pota","kairo","unstable","76.9322"
"Pota","mol","molBench","406.8832"
"Pota","s","createDataSignals","7.4338"
"Pota","s","createComputations0to1","6.2234"
"Pota","s","createComputations1to1","39.1609"
"Pota","s","createComputations2to1","36.3343"
"Pota","s","createComputations4to1","11.2134"
"Pota","s","createComputations1000to1","8.8584"
"Pota","s","createComputations1to2","33.7857"
"Pota","s","createComputations1to4","12.055"
"Pota","s","createComputations1to8","11.2005"
"Pota","s","createComputations1to1000","12.6338"
"Pota","s","updateComputations1to1","47.6945"
"Pota","s","updateComputations2to1","28.3888"
"Pota","s","updateComputations4to1","17.3414"
"Pota","s","updateComputations1000to1","7.1719"
"Pota","s","updateComputations1to2","36.5003"
"Pota","s","updateComputations1to4","30.2686"
"Pota","s","updateComputations1to1000","24.2806"
"Pota","dynamic","10x5 - 2 sources - read 20% (simple component)","454.145"
"Pota","dynamic","10x10 - 6 sources - dynamic - read 20% (dynamic component)","253.7552"
"Pota","dynamic","1000x12 - 4 sources - dynamic (large web app)","360.2943"
"Pota","dynamic","1000x5 - 25 sources (wide dense)","535.6444"
"Pota","dynamic","5x500 - 3 sources (deep)","207.4258"
"Pota","cellx","cellx10","0.0415"
"Pota","cellx","cellx20","0.0449"
"Pota","cellx","cellx30","0.0271"
"x-reactivity","kairo","avoidablePropagation","221.5339"
"x-reactivity","kairo","broadPropagation","579.6327"
"x-reactivity","kairo","deepPropagation","185.868"
"x-reactivity","kairo","diamond","376.8591"
"x-reactivity","kairo","mux","238.2797"
"x-reactivity","kairo","repeatedObservers","58.3131"
"x-reactivity","kairo","triangle","129.0426"
"x-reactivity","kairo","unstable","103.8963"
"x-reactivity","mol","molBench","423.9729"
"x-reactivity","s","createDataSignals","7.1638"
"x-reactivity","s","createComputations0to1","7.36"
"x-reactivity","s","createComputations1to1","42.3338"
"x-reactivity","s","createComputations2to1","14.6408"
"x-reactivity","s","createComputations4to1","11.1145"
"x-reactivity","s","createComputations1000to1","8.9179"
"x-reactivity","s","createComputations1to2","15.9319"
"x-reactivity","s","createComputations1to4","12.5197"
"x-reactivity","s","createComputations1to8","11.427"
"x-reactivity","s","createComputations1to1000","10.4426"
"x-reactivity","s","updateComputations1to1","70.8896"
"x-reactivity","s","updateComputations2to1","40.7078"
"x-reactivity","s","updateComputations4to1","20.5553"
"x-reactivity","s","updateComputations1000to1","6.856"
"x-reactivity","s","updateComputations1to2","51.0691"
"x-reactivity","s","updateComputations1to4","35.6669"
"x-reactivity","s","updateComputations1to1000","29.2942"
"x-reactivity","dynamic","10x5 - 2 sources - read 20% (simple component)","1073.5542"
"x-reactivity","dynamic","10x10 - 6 sources - dynamic - read 20% (dynamic component)","329.8929"
"x-reactivity","dynamic","1000x12 - 4 sources - dynamic (large web app)","438.1634"
"x-reactivity","dynamic","1000x5 - 25 sources (wide dense)","651.6175"
"x-reactivity","dynamic","5x500 - 3 sources (deep)","205.9343"
"x-reactivity","cellx","cellx10","0.0915"
"x-reactivity","cellx","cellx20","0.1219"
"x-reactivity","cellx","cellx30","0.0588"
"Preact Signals","kairo","avoidablePropagation","78.3734"
"Preact Signals","kairo","broadPropagation","151.7576"
"Preact Signals","kairo","deepPropagation","75.8792"
"Preact Signals","kairo","diamond","115.7412"
"Preact Signals","kairo","mux","200.5003"
"Preact Signals","kairo","repeatedObservers","11.917"
"Preact Signals","kairo","triangle","47.1221"
"Preact Signals","kairo","unstable","26.2878"
"Preact Signals","mol","molBench","335.1988"
"Preact Signals","s","createDataSignals","4.9661"
"Preact Signals","s","createComputations0to1","4.3125"
"Preact Signals","s","createComputations1to1","17.5902"
"Preact Signals","s","createComputations2to1","10.0017"
"Preact Signals","s","createComputations4to1","5.377"
"Preact Signals","s","createComputations1000to1","5.5536"
"Preact Signals","s","createComputations1to2","9.646"
"Preact Signals","s","createComputations1to4","7.743"
"Preact Signals","s","createComputations1to8","7.9352"
"Preact Signals","s","createComputations1to1000","8.218"
"Preact Signals","s","updateComputations1to1","16.5106"
"Preact Signals","s","updateComputations2to1","11.4144"
"Preact Signals","s","updateComputations4to1","7.3496"
"Preact Signals","s","updateComputations1000to1","4.3562"
"Preact Signals","s","updateComputations1to2","12.1439"
"Preact Signals","s","updateComputations1to4","10.9111"
"Preact Signals","s","updateComputations1to1000","9.1882"
"Preact Signals","dynamic","10x5 - 2 sources - read 20% (simple component)","183.1701"
"Preact Signals","dynamic","10x10 - 6 sources - dynamic - read 20% (dynamic component)","163.4736"
"Preact Signals","dynamic","1000x12 - 4 sources - dynamic (large web app)","266.2045"
"Preact Signals","dynamic","1000x5 - 25 sources (wide dense)","441.5872"
"Preact Signals","dynamic","5x500 - 3 sources (deep)","126.7373"
"Preact Signals","cellx","cellx10","0.044"
"Preact Signals","cellx","cellx20","0.0334"
"Preact Signals","cellx","cellx30","0.025"
"TC39 Signals Polyfill","kairo","avoidablePropagation","249.8006"
"TC39 Signals Polyfill","kairo","broadPropagation","889.3076"
"TC39 Signals Polyfill","kairo","deepPropagation","241.2382"
"TC39 Signals Polyfill","kairo","diamond","415.9231"
"TC39 Signals Polyfill","kairo","mux","653.3532"
"TC39 Signals Polyfill","kairo","repeatedObservers","132.7613"
"TC39 Signals Polyfill","kairo","triangle","177.4995"
"TC39 Signals Polyfill","kairo","unstable","469.0222"
"TC39 Signals Polyfill","mol","molBench","363.6194"
"TC39 Signals Polyfill","s","createDataSignals","12.6539"
"TC39 Signals Polyfill","s","createComputations0to1","20.2863"
"TC39 Signals Polyfill","s","createComputations1to1","43.5958"
"TC39 Signals Polyfill","s","createComputations2to1","24.7584"
"TC39 Signals Polyfill","s","createComputations4to1","19.1532"
"TC39 Signals Polyfill","s","createComputations1000to1","14.1655"
"TC39 Signals Polyfill","s","createComputations1to2","33.3719"
"TC39 Signals Polyfill","s","createComputations1to4","30.6155"
"TC39 Signals Polyfill","s","createComputations1to8","27.9576"
"TC39 Signals Polyfill","s","createComputations1to1000","23.2852"
"TC39 Signals Polyfill","s","updateComputations1to1","37.6069"
"TC39 Signals Polyfill","s","updateComputations2to1","25.8878"
"TC39 Signals Polyfill","s","updateComputations4to1","16.1363"
"TC39 Signals Polyfill","s","updateComputations1000to1","7.7542"
"TC39 Signals Polyfill","s","updateComputations1to2","33.3741"
"TC39 Signals Polyfill","s","updateComputations1to4","27.1378"
"TC39 Signals Polyfill","s","updateComputations1to1000","25.2277"
"TC39 Signals Polyfill","dynamic","10x5 - 2 sources - read 20% (simple component)","1273.473"
"TC39 Signals Polyfill","dynamic","10x10 - 6 sources - dynamic - read 20% (dynamic component)","497.5293"
"TC39 Signals Polyfill","dynamic","1000x12 - 4 sources - dynamic (large web app)","10088.903"
"TC39 Signals Polyfill","dynamic","1000x5 - 25 sources (wide dense)","7118.8882"
"TC39 Signals Polyfill","dynamic","5x500 - 3 sources (deep)","340.2435"
"TC39 Signals Polyfill","cellx","cellx10","0.0804"
"TC39 Signals Polyfill","cellx","cellx20","0.0837"
"TC39 Signals Polyfill","cellx","cellx30","0.0632"
"SolidJS","kairo","avoidablePropagation","295.2927"
"SolidJS","kairo","broadPropagation","699.3985"
"SolidJS","kairo","deepPropagation","282.4828"
"SolidJS","kairo","diamond","400.8549"
"SolidJS","kairo","mux","405.5737"
"SolidJS","kairo","repeatedObservers","53.4135"
"SolidJS","kairo","triangle","137.1367"
"SolidJS","kairo","unstable","81.1495"
"SolidJS","mol","molBench","407.4026"
"SolidJS","s","createDataSignals","6.2292"
"SolidJS","s","createComputations0to1","6.2189"
"SolidJS","s","createComputations1to1","38.6837"
"SolidJS","s","createComputations2to1","37.3815"
"SolidJS","s","createComputations4to1","9.8833"
"SolidJS","s","createComputations1000to1","7.1966"
"SolidJS","s","createComputations1to2","15.2015"
"SolidJS","s","createComputations1to4","11.4278"
"SolidJS","s","createComputations1to8","10.5586"
"SolidJS","s","createComputations1to1000","9.8503"
"SolidJS","s","updateComputations1to1","55.1601"
"SolidJS","s","updateComputations2to1","37.8405"
"SolidJS","s","updateComputations4to1","29.7277"
"SolidJS","s","updateComputations1000to1","20.4412"
"SolidJS","s","updateComputations1to2","37.0847"
"SolidJS","s","updateComputations1to4","33.3526"
"SolidJS","s","updateComputations1to1000","30.5457"
"SolidJS","dynamic","10x5 - 2 sources - read 20% (simple component)","1155.2833"
"SolidJS","dynamic","10x10 - 6 sources - dynamic - read 20% (dynamic component)","447.2214"
"SolidJS","dynamic","1000x12 - 4 sources - dynamic (large web app)","544.7369"
"SolidJS","dynamic","1000x5 - 25 sources (wide dense)","902.6962"
"SolidJS","dynamic","5x500 - 3 sources (deep)","271.6985"
"SolidJS","cellx","cellx10","0.0435"
"SolidJS","cellx","cellx20","0.0494"
"SolidJS","cellx","cellx30","0.0347"
"Svelte v5","kairo","avoidablePropagation","423.6112"
"Svelte v5","kairo","broadPropagation","665.8266"
"Svelte v5","kairo","deepPropagation","295.7743"
"Svelte v5","kairo","diamond","439.7207"
"Svelte v5","kairo","mux","291.5355"
"Svelte v5","kairo","repeatedObservers","56.6621"
"Svelte v5","kairo","triangle","152.9807"
"Svelte v5","kairo","unstable","92.9747"
"Svelte v5","mol","molBench","353.7846"
"Svelte v5","s","createDataSignals","4.7323"
"Svelte v5","s","createComputations0to1","13.2511"
"Svelte v5","s","createComputations1to1","19.3035"
"Svelte v5","s","createComputations2to1","12.36"
"Svelte v5","s","createComputations4to1","8.3237"
"Svelte v5","s","createComputations1000to1","4.7826"
"Svelte v5","s","createComputations1to2","14.6917"
"Svelte v5","s","createComputations1to4","13.463"
"Svelte v5","s","createComputations1to8","13.5232"
"Svelte v5","s","createComputations1to1000","12.2273"
"Svelte v5","s","updateComputations1to1","114.0864"
"Svelte v5","s","updateComputations2to1","59.0248"
"Svelte v5","s","updateComputations4to1","31.4195"
"Svelte v5","s","updateComputations1000to1","3.6988"
"Svelte v5","s","updateComputations1to2","67.7653"
"Svelte v5","s","updateComputations1to4","43.7481"
"Svelte v5","s","updateComputations1to1000","19.5415"
"Svelte v5","dynamic","10x5 - 2 sources - read 20% (simple component)","580.6141"
"Svelte v5","dynamic","10x10 - 6 sources - dynamic - read 20% (dynamic component)","260.7445"
"Svelte v5","dynamic","1000x12 - 4 sources - dynamic (large web app)","448.9603"
"Svelte v5","dynamic","1000x5 - 25 sources (wide dense)","457.185"
"Svelte v5","dynamic","5x500 - 3 sources (deep)","222.2232"
"Svelte v5","cellx","cellx10","0.0997"
"Svelte v5","cellx","cellx20","2.036"
"Svelte v5","cellx","cellx30","244.3451"
"@amadeus-it-group/tansu","kairo","avoidablePropagation","190.7771"
"@amadeus-it-group/tansu","kairo","broadPropagation","516.8554"
"@amadeus-it-group/tansu","kairo","deepPropagation","134.3086"
"@amadeus-it-group/tansu","kairo","diamond","192.2066"
"@amadeus-it-group/tansu","kairo","mux","404.904"
"@amadeus-it-group/tansu","kairo","repeatedObservers","38.7951"
"@amadeus-it-group/tansu","kairo","triangle","69.3105"
"@amadeus-it-group/tansu","kairo","unstable","98.9061"
"@amadeus-it-group/tansu","mol","molBench","345.3064"
"@amadeus-it-group/tansu","s","createDataSignals","9.7492"
"@amadeus-it-group/tansu","s","createComputations0to1","8.8794"
"@amadeus-it-group/tansu","s","createComputations1to1","35.1291"
"@amadeus-it-group/tansu","s","createComputations2to1","22.002"
"@amadeus-it-group/tansu","s","createComputations4to1","12.7405"
"@amadeus-it-group/tansu","s","createComputations1000to1","10.8472"
"@amadeus-it-group/tansu","s","createComputations1to2","23.8569"
"@amadeus-it-group/tansu","s","createComputations1to4","20.3228"
"@amadeus-it-group/tansu","s","createComputations1to8","18.6746"
"@amadeus-it-group/tansu","s","createComputations1to1000","17.3001"
"@amadeus-it-group/tansu","s","updateComputations1to1","28.997"
"@amadeus-it-group/tansu","s","updateComputations2to1","18.0389"
"@amadeus-it-group/tansu","s","updateComputations4to1","11.4788"
"@amadeus-it-group/tansu","s","updateComputations1000to1","6.3044"
"@amadeus-it-group/tansu","s","updateComputations1to2","25.2424"
"@amadeus-it-group/tansu","s","updateComputations1to4","24.2213"
"@amadeus-it-group/tansu","s","updateComputations1to1000","24.0525"
"@amadeus-it-group/tansu","dynamic","10x5 - 2 sources - read 20% (simple component)","316.7594"
"@amadeus-it-group/tansu","dynamic","10x10 - 6 sources - dynamic - read 20% (dynamic component)","235.9572"
"@amadeus-it-group/tansu","dynamic","1000x12 - 4 sources - dynamic (large web app)","432.8725"
"@amadeus-it-group/tansu","dynamic","1000x5 - 25 sources (wide dense)","519.1149"
"@amadeus-it-group/tansu","dynamic","5x500 - 3 sources (deep)","190.2823"
"@amadeus-it-group/tansu","cellx","cellx10","0.0653"
"@amadeus-it-group/tansu","cellx","cellx20","0.0543"
"@amadeus-it-group/tansu","cellx","cellx30","0.0605"
"@tldraw/state","kairo","avoidablePropagation","272.062"
"@tldraw/state","kairo","broadPropagation","787.5525"
"@tldraw/state","kairo","deepPropagation","226.6755"
"@tldraw/state","kairo","diamond","355.635"
"@tldraw/state","kairo","mux","502.118"
"@tldraw/state","kairo","repeatedObservers","45.4697"
"@tldraw/state","kairo","triangle","156.09"
"@tldraw/state","kairo","unstable","74.2102"
"@tldraw/state","mol","molBench","352.734"
"@tldraw/state","s","createDataSignals","6.0758"
"@tldraw/state","s","createComputations0to1","5.6735"
"@tldraw/state","s","createComputations1to1","14.8107"
"@tldraw/state","s","createComputations2to1","15.6865"
"@tldraw/state","s","createComputations4to1","7.94"
"@tldraw/state","s","createComputations1000to1","10.796"
"@tldraw/state","s","createComputations1to2","12.7877"
"@tldraw/state","s","createComputations1to4","12.1604"
"@tldraw/state","s","createComputations1to8","11.436"
"@tldraw/state","s","createComputations1to1000","10.4584"
"@tldraw/state","s","updateComputations1to1","49.9672"
"@tldraw/state","s","updateComputations2to1","32.3835"
"@tldraw/state","s","updateComputations4to1","22.5998"
"@tldraw/state","s","updateComputations1000to1","17.223"
"@tldraw/state","s","updateComputations1to2","42.5362"
"@tldraw/state","s","updateComputations1to4","36.0529"
"@tldraw/state","s","updateComputations1to1000","30.7682"
"@tldraw/state","dynamic","10x5 - 2 sources - read 20% (simple component)","563.9751"
"@tldraw/state","dynamic","10x10 - 6 sources - dynamic - read 20% (dynamic component)","355.9833"
"@tldraw/state","dynamic","1000x12 - 4 sources - dynamic (large web app)","3326.6535"
"@tldraw/state","dynamic","1000x5 - 25 sources (wide dense)","2888.9455"
"@tldraw/state","dynamic","5x500 - 3 sources (deep)","241.1893"
"@tldraw/state","cellx","cellx10","0.0856"
"@tldraw/state","cellx","cellx20","0.0812"
"@tldraw/state","cellx","cellx30","0.0607"
"uSignal","kairo","avoidablePropagation","373.4912"
"uSignal","kairo","broadPropagation","541.6528"
"uSignal","kairo","deepPropagation","169.1756"
"uSignal","kairo","diamond","263.6145"
"uSignal","kairo","mux","504.4621"
"uSignal","kairo","repeatedObservers","41.3717"
"uSignal","kairo","triangle","103.3025"
"uSignal","kairo","unstable","55.0576"
"uSignal","mol","molBench","479.9073"
"uSignal","s","createDataSignals","6.8083"
"uSignal","s","createComputations0to1","5.6595"
"uSignal","s","createComputations1to1","30.3688"
"uSignal","s","createComputations2to1","12.7669"
"uSignal","s","createComputations4to1","11.3161"
"uSignal","s","createComputations1000to1","9.4945"
"uSignal","s","createComputations1to2","17.391"
"uSignal","s","createComputations1to4","17.5838"
"uSignal","s","createComputations1to8","15.8383"
"uSignal","s","createComputations1to1000","7.8787"
"uSignal","s","updateComputations1to1","28.7434"
"uSignal","s","updateComputations2to1","20.0782"
"uSignal","s","updateComputations4to1","13.2056"
"uSignal","s","updateComputations1000to1","10.1445"
"uSignal","s","updateComputations1to2","25.5052"
"uSignal","s","updateComputations1to4","22.5438"
"uSignal","s","updateComputations1to1000","28.5204"
"uSignal","dynamic","10x5 - 2 sources - read 20% (simple component)","338.9824"
"uSignal","dynamic","10x10 - 6 sources - dynamic - read 20% (dynamic component)","324.3013"
"uSignal","dynamic","1000x12 - 4 sources - dynamic (large web app)","398.2552"
"uSignal","dynamic","1000x5 - 25 sources (wide dense)","874.551"
"uSignal","dynamic","5x500 - 3 sources (deep)","215.7776"
"uSignal","cellx","cellx10","0.048"
"uSignal","cellx","cellx20","0.0398"
"uSignal","cellx","cellx30","0.1161"
"@vue/reactivity","kairo","avoidablePropagation","175.2179"
"@vue/reactivity","kairo","broadPropagation","348.0827"
"@vue/reactivity","kairo","deepPropagation","111.9224"
"@vue/reactivity","kairo","diamond","178.2401"
"@vue/reactivity","kairo","mux","360.0855"
"@vue/reactivity","kairo","repeatedObservers","20.2268"
"@vue/reactivity","kairo","triangle","62.3109"
"@vue/reactivity","kairo","unstable","41.2445"
"@vue/reactivity","mol","molBench","337.5258"
"@vue/reactivity","s","createDataSignals","5.8449"
"@vue/reactivity","s","createComputations0to1","4.5634"
"@vue/reactivity","s","createComputations1to1","12.0946"
"@vue/reactivity","s","createComputations2to1","8.5678"
"@vue/reactivity","s","createComputations4to1","7.4352"
"@vue/reactivity","s","createComputations1000to1","7.2881"
"@vue/reactivity","s","createComputations1to2","10.4175"
"@vue/reactivity","s","createComputations1to4","9.2063"
"@vue/reactivity","s","createComputations1to8","8.508"
"@vue/reactivity","s","createComputations1to1000","8.1555"
"@vue/reactivity","s","updateComputations1to1","18.1379"
"@vue/reactivity","s","updateComputations2to1","12.5102"
"@vue/reactivity","s","updateComputations4to1","8.978"
"@vue/reactivity","s","updateComputations1000to1","5.8712"
"@vue/reactivity","s","updateComputations1to2","16.1036"
"@vue/reactivity","s","updateComputations1to4","14.6975"
"@vue/reactivity","s","updateComputations1to1000","14.4155"
"@vue/reactivity","dynamic","10x5 - 2 sources - read 20% (simple component)","265.4827"
"@vue/reactivity","dynamic","10x10 - 6 sources - dynamic - read 20% (dynamic component)","189.5021"
"@vue/reactivity","dynamic","1000x12 - 4 sources - dynamic (large web app)","349.3057"
"@vue/reactivity","dynamic","1000x5 - 25 sources (wide dense)","561.8137"
"@vue/reactivity","dynamic","5x500 - 3 sources (deep)","177.0564"
"@vue/reactivity","cellx","cellx10","0.0693"
"@vue/reactivity","cellx","cellx20","0.0799"
"@vue/reactivity","cellx","cellx30","0.0475"
